ID,gold_pur,,,,,,
1826,218,,,,,,
1,37,,,,,,
10476,30,,,,,,
1386,0,,,,,,
5371,34,,,,,,
7348,43,,,,,,
4073,65,,,,,,
1991,7,,,,,,
4047,5,,,,,,
9477,5,,,,,,
2079,26,,,,,,
5642,4,,,,,,
10530,102,,,,,,
2964,32,,,,,,
10311,321,,,,,,
837,22,,,,,,
10521,22,,,,,,
10175,2,,,,,,
1473,10,,,,,,
2795,5,,,,,,
2285,30,,,,,,
115,7,,,,,,
10470,23,,,,,,
4065,23,,,,,,
10968,44,,,,,,
5985,3,,,,,,
5430,32,,,,,,
8432,32,,,,,,
453,5,,,,,,
9687,32,,,,,,
8890,10,,,,,,
9264,197,,,,,,
5824,0,,,,,,
5794,17,,,,,,
3068,7,,,,,,
7962,20,,,,,,
2681,29,,,,,,
10141,3,,,,,,
3725,16,,,,,,
3767,172,,,,,,
5585,10,,,,,,
7030,14,,,,,,
1524,45,,,,,,
3657,12,,,,,,
5740,26,,,,,,
9595,30,,,,,,
3158,6,,,,,,
5114,9,,,,,,
340,125,,,,,,
8805,27,,,,,,
1241,16,,,,,,
1402,12,,,,,,
7264,1,,,,,,
1619,17,,,,,,
6398,4,,,,,,
1857,23,,,,,,
4877,0,,,,,,
3066,13,,,,,,
10286,8,,,,,,
1992,66,,,,,,
4246,262,,,,,,
10623,0,,,,,,
4867,10,,,,,,
3112,5,,,,,,
4865,11,,,,,,
6287,6,,,,,,
4405,15,,,,,,
5332,54,,,,,,
1519,3,,,,,,
9080,3,,,,,,
1772,129,,,,,,
5341,27,,,,,,
5510,102,,,,,,
3887,39,,,,,,
7022,35,,,,,,
9999,21,,,,,,
10352,26,,,,,,
7919,0,,,,,,
4114,32,,,,,,
7990,0,,,,,,
9888,40,,,,,,
4399,40,,,,,,
4452,34,,,,,,
4785,14,,,,,,
8461,1,,,,,,
3878,11,,,,,,
9612,16,,,,,,
4098,1,,,,,,
158,97,,,,,,
3896,2,,,,,,
9970,14,,,,,,
4002,10,,,,,,
10914,2,,,,,,
7279,67,,,,,,
10582,90,,,,,,
4470,22,,,,,,
6183,22,,,,,,
6379,31,,,,,,
8601,102,,,,,,
4827,8,,,,,,
6715,26,,,,,,
10676,145,,,,,,
1041,42,,,,,,
492,42,,,,,,
11133,42,,,,,,
4491,34,,,,,,
873,34,,,,,,
1631,12,,,,,,
8278,33,,,,,,
6815,62,,,,,,
254,30,,,,,,
1349,27,,,,,,
2534,41,,,,,,
2130,24,,,,,,
2296,10,,,,,,
3799,143,,,,,,
11084,50,,,,,,
5172,50,,,,,,
9504,47,,,,,,
850,21,,,,,,
4477,109,,,,,,
1945,168,,,,,,
7685,12,,,,,,
6310,12,,,,,,
10832,125,,,,,,
3025,3,,,,,,
2404,41,,,,,,
8581,28,,,,,,
8755,22,,,,,,
10177,150,,,,,,
2429,150,,,,,,
8920,91,,,,,,
8430,3,,,,,,
8619,3,,,,,,
8996,53,,,,,,
7233,128,,,,,,
6678,5,,,,,,
830,48,,,,,,
6365,20,,,,,,
6770,31,,,,,,
2261,4,,,,,,
1031,33,,,,,,
10089,148,,,,,,
9256,80,,,,,,
10641,25,,,,,,
624,15,,,,,,
4211,17,,,,,,
1407,17,,,,,,
10356,1,,,,,,
9323,42,,,,,,
1146,42,,,,,,
6343,43,,,,,,
8545,51,,,,,,
8275,1,,,,,,
10673,80,,,,,,
8799,3,,,,,,
67,8,,,,,,
9923,8,,,,,,
2814,7,,,,,,
2711,7,,,,,,
4320,91,,,,,,
10451,8,,,,,,
4198,8,,,,,,
10814,191,,,,,,
944,48,,,,,,
8151,108,,,,,,
6184,48,,,,,,
3498,107,,,,,,
2870,69,,,,,,
7342,66,,,,,,
1911,121,,,,,,
10862,26,,,,,,
2546,23,,,,,,
3005,147,,,,,,
8318,57,,,,,,
2930,48,,,,,,
8216,71,,,,,,
1212,64,,,,,,
2541,5,,,,,,
10659,21,,,,,,
10905,0,,,,,,
8910,0,,,,,,
7349,42,,,,,,
7872,63,,,,,,
4290,5,,,,,,
7408,9,,,,,,
9986,10,,,,,,
8235,61,,,,,,
10949,55,,,,,,
7284,1,,,,,,
9529,181,,,,,,
9930,22,,,,,,
10270,11,,,,,,
760,15,,,,,,
5519,135,,,,,,
232,34,,,,,,
3009,160,,,,,,
6518,6,,,,,,
10669,25,,,,,,
5682,21,,,,,,
1570,57,,,,,,
1497,22,,,,,,
9723,56,,,,,,
7261,15,,,,,,
2452,15,,,,,,
5621,0,,,,,,
10995,26,,,,,,
7373,43,,,,,,
5331,86,,,,,,
263,25,,,,,,
4619,3,,,,,,
940,17,,,,,,
10084,17,,,,,,
6019,7,,,,,,
1463,3,,,,,,
6424,16,,,,,,
8233,10,,,,,,
1515,2,,,,,,
10855,42,,,,,,
10909,119,,,,,,
3376,19,,,,,,
10232,24,,,,,,
5547,0,,,,,,
8362,0,,,,,,
3524,16,,,,,,
10095,12,,,,,,
8897,112,,,,,,
466,21,,,,,,
11025,20,,,,,,
2387,20,,,,,,
1618,51,,,,,,
25,153,,,,,,
3277,17,,,,,,
8566,1,,,,,,
2634,7,,,,,,
8036,9,,,,,,
8159,30,,,,,,
7628,8,,,,,,
9597,130,,,,,,
1384,22,,,,,,
10150,37,,,,,,
3885,24,,,,,,
11003,18,,,,,,
8026,58,,,,,,
577,2,,,,,,
8702,2,,,,,,
5429,1,,,,,,
977,19,,,,,,
2793,133,,,,,,
1071,133,,,,,,
5074,5,,,,,,
2632,152,,,,,,
6404,28,,,,,,
10240,42,,,,,,
2521,18,,,,,,
4301,18,,,,,,
7381,30,,,,,,
2407,95,,,,,,
9064,95,,,,,,
5067,26,,,,,,
10281,54,,,,,,
11191,18,,,,,,
1994,1,,,,,,
2552,4,,,,,,
6720,107,,,,,,
4557,21,,,,,,
1183,3,,,,,,
4186,17,,,,,,
1419,17,,,,,,
967,19,,,,,,
1048,28,,,,,,
9262,12,,,,,,
3427,35,,,,,,
5892,2,,,,,,
8911,83,,,,,,
6606,11,,,,,,
2677,8,,,,,,
252,88,,,,,,
9860,31,,,,,,
1388,42,,,,,,
979,42,,,,,,
7494,15,,,,,,
10490,109,,,,,,
3403,134,,,,,,
2715,64,,,,,,
4828,38,,,,,,
92,20,,,,,,
3312,20,,,,,,
11176,4,,,,,,
1446,68,,,,,,
9699,14,,,,,,
9790,97,,,,,,
2324,76,,,,,,
5080,140,,,,,,
4992,30,,,,,,
7849,66,,,,,,
4808,3,,,,,,
10401,9,,,,,,
7793,38,,,,,,
9303,5,,,,,,
6853,80,,,,,,
7366,80,,,,,,
9780,37,,,,,,
7573,34,,,,,,
1379,15,,,,,,
8923,79,,,,,,
3547,12,,,,,,
8707,99,,,,,,
1891,83,,,,,,
6271,2,,,,,,
9635,14,,,,,,
9727,25,,,,,,
6205,10,,,,,,
10681,83,,,,,,
5156,83,,,,,,
3050,17,,,,,,
8164,37,,,,,,
5626,13,,,,,,
7600,13,,,,,,
6406,40,,,,,,
7002,52,,,,,,
8234,3,,,,,,
6116,8,,,,,,
291,116,,,,,,
8779,18,,,,,,
4931,1,,,,,,
1650,138,,,,,,
9701,116,,,,,,
6431,4,,,,,,
10789,4,,,,,,
5302,166,,,,,,
4459,1,,,,,,
10642,1,,,,,,
9213,3,,,,,,
3678,59,,,,,,
3698,241,,,,,,
5929,3,,,,,,
10795,3,,,,,,
4390,31,,,,,,
9362,21,,,,,,
1577,95,,,,,,
4609,40,,,,,,
7143,37,,,,,,
1729,157,,,,,,
10664,22,,,,,,
5029,1,,,,,,
10507,23,,,,,,
3865,30,,,,,,
6982,15,,,,,,
7042,10,,,,,,
9668,20,,,,,,
6878,55,,,,,,
4099,21,,,,,,
5031,114,,,,,,
1970,12,,,,,,
5726,6,,,,,,
5231,13,,,,,,
1307,12,,,,,,
10609,0,,,,,,
5782,42,,,,,,
7533,7,,,,,,
9493,17,,,,,,
2253,18,,,,,,
2326,18,,,,,,
1876,18,,,,,,
7141,64,,,,,,
7393,3,,,,,,
4713,6,,,,,,
5093,11,,,,,,
8524,11,,,,,,
3766,219,,,,,,
9725,1,,,,,,
8933,3,,,,,,
10779,11,,,,,,
9289,13,,,,,,
2613,13,,,,,,
10133,45,,,,,,
8443,40,,,,,,
10796,12,,,,,,
10241,6,,,,,,
3388,2,,,,,,
6507,12,,,,,,
7446,14,,,,,,
87,17,,,,,,
10477,13,,,,,,
6072,133,,,,,,
2518,10,,,,,,
247,16,,,,,,
9463,14,,,,,,
1459,26,,,,,,
9530,0,,,,,,
9653,21,,,,,,
10785,4,,,,,,
9392,1,,,,,,
3769,3,,,,,,
10146,3,,,,,,
4741,16,,,,,,
1880,6,,,,,,
6471,3,,,,,,
5718,231,,,,,,
3478,21,,,,,,
7848,110,,,,,,
7999,17,,,,,,
11101,183,,,,,,
9212,205,,,,,,
10983,74,,,,,,
3629,27,,,,,,
4673,36,,,,,,
796,177,,,,,,
618,15,,,,,,
380,192,,,,,,
1092,29,,,,,,
8962,3,,,,,,
8207,0,,,,,,
6521,12,,,,,,
535,76,,,,,,
4608,76,,,,,,
11086,3,,,,,,
1064,3,,,,,,
7000,246,,,,,,
1581,3,,,,,,
7384,47,,,,,,
10552,45,,,,,,
6409,127,,,,,,
9507,50,,,,,,
9560,122,,,,,,
10991,43,,,,,,
4712,9,,,,,,
11056,22,,,,,,
7414,32,,,,,,
3076,6,,,,,,
6355,1,,,,,,
7959,13,,,,,,
5512,24,,,,,,
10102,28,,,,,,
9369,38,,,,,,
3711,0,,,,,,
6931,30,,,,,,
9596,6,,,,,,
2727,96,,,,,,
8416,2,,,,,,
3967,35,,,,,,
2139,12,,,,,,
2162,49,,,,,,
9242,77,,,,,,
10595,16,,,,,,
4855,2,,,,,,
5049,2,,,,,,
4967,12,,,,,,
5255,362,,,,,,
9215,72,,,,,,
3525,1,,,,,,
3619,80,,,,,,
4415,14,,,,,,
3645,3,,,,,,
4692,32,,,,,,
3955,1,,,,,,
5313,3,,,,,,
7196,1,,,,,,
1381,18,,,,,,
10951,9,,,,,,
4322,12,,,,,,
7444,2,,,,,,
2942,144,,,,,,
2874,8,,,,,,
3667,44,,,,,,
3697,12,,,,,,
9955,12,,,,,,
5320,18,,,,,,
6422,172,,,,,,
3690,40,,,,,,
2408,21,,,,,,
9260,33,,,,,,
9648,31,,,,,,
4939,28,,,,,,
8652,28,,,,,,
4702,120,,,,,,
2587,0,,,,,,
2811,1,,,,,,
9150,1,,,,,,
10127,11,,,,,,
5493,6,,,,,,
2666,41,,,,,,
10099,76,,,,,,
10562,141,,,,,,
7881,141,,,,,,
6721,248,,,,,,
5204,28,,,,,,
5209,82,,,,,,
10128,82,,,,,,
9284,82,,,,,,
8643,196,,,,,,
1685,0,,,,,,
2877,44,,,,,,
8369,11,,,,,,
6233,9,,,,,,
195,30,,,,,,
1501,4,,,,,,
10846,139,,,,,,
8341,12,,,,,,
10766,9,,,,,,
9971,9,,,,,,
1740,38,,,,,,
8737,2,,,,,,
6466,4,,,,,,
10430,42,,,,,,
8773,24,,,,,,
2371,12,,,,,,
7786,11,,,,,,
4088,4,,,,,,
4971,4,,,,,,
10560,1,,,,,,
6892,28,,,,,,
11004,2,,,,,,
1818,4,,,,,,
9485,12,,,,,,
6646,1,,,,,,
4248,38,,,,,,
7451,38,,,,,,
7861,11,,,,,,
5232,6,,,,,,
3011,6,,,,,,
5758,46,,,,,,
2173,3,,,,,,
10711,93,,,,,,
8268,15,,,,,,
2782,15,,,,,,
9432,12,,,,,,
5872,24,,,,,,
11187,23,,,,,,
2428,12,,,,,,
1726,39,,,,,,
1802,77,,,,,,
1162,35,,,,,,
10643,35,,,,,,
11112,190,,,,,,
2114,45,,,,,,
4261,45,,,,,,
2457,11,,,,,,
2495,15,,,,,,
6983,0,,,,,,
3436,1,,,,,,
7505,14,,,,,,
4286,27,,,,,,
7224,7,,,,,,
6215,7,,,,,,
968,5,,,,,,
4096,5,,,,,,
3153,2,,,,,,
6504,28,,,,,,
5329,0,,,,,,
1175,153,,,,,,
1377,66,,,,,,
4607,75,,,,,,
4944,75,,,,,,
9483,29,,,,,,
1378,134,,,,,,
5991,47,,,,,,
2807,37,,,,,,
1052,37,,,,,,
9760,174,,,,,,
7101,174,,,,,,
9909,50,,,,,,
5907,2,,,,,,
793,4,,,,,,
8832,5,,,,,,
2535,75,,,,,,
1523,6,,,,,,
1839,18,,,,,,
9972,6,,,,,,
2945,6,,,,,,
9291,1,,,,,,
2829,28,,,,,,
8594,14,,,,,,
1592,33,,,,,,
4310,26,,,,,,
6950,1,,,,,,
8492,0,,,,,,
5684,3,,,,,,
5909,152,,,,,,
9855,20,,,,,,
975,44,,,,,,
8754,3,,,,,,
1456,170,,,,,,
2849,170,,,,,,
9984,182,,,,,,
5527,15,,,,,,
5628,78,,,,,,
7627,20,,,,,,
1351,12,,,,,,
10629,17,,,,,,
10395,42,,,,,,
6961,1,,,,,,
10196,23,,,,,,
6182,5,,,,,,
10432,2,,,,,,
1542,7,,,,,,
4220,0,,,,,,
4141,42,,,,,,
1940,6,,,,,,
1506,20,,,,,,
6347,10,,,,,,
1361,68,,,,,,
9422,10,,,,,,
1081,66,,,,,,
7458,24,,,,,,
1012,169,,,,,,
5453,108,,,,,,
6818,106,,,,,,
7807,106,,,,,,
7532,16,,,,,,
8346,72,,,,,,
5564,97,,,,,,
3267,60,,,,,,
3091,56,,,,,,
762,56,,,,,,
8029,16,,,,,,
4376,30,,,,,,
10981,45,,,,,,
486,45,,,,,,
1158,24,,,,,,
9119,38,,,,,,
6694,114,,,,,,
10573,27,,,,,,
10140,0,,,,,,
2286,27,,,,,,
8420,17,,,,,,
10065,17,,,,,,
1029,20,,,,,,
4207,44,,,,,,
10277,4,,,,,,
4436,18,,,,,,
2929,18,,,,,,
6281,26,,,,,,
10390,6,,,,,,
2574,24,,,,,,
709,92,,,,,,
5955,233,,,,,,
8486,20,,,,,,
10343,205,,,,,,
6652,31,,,,,,
8746,57,,,,,,
4686,79,,,,,,
3551,48,,,,,,
4338,12,,,,,,
4444,21,,,,,,
498,5,,,,,,
8230,5,,,,,,
2826,2,,,,,,
6222,2,,,,,,
7352,45,,,,,,
10928,146,,,,,,
10736,134,,,,,,
10163,38,,,,,,
6168,15,,,,,,
4656,40,,,,,,
626,5,,,,,,
3870,89,,,,,,
6299,198,,,,,,
7798,91,,,,,,
9973,4,,,,,,
4299,17,,,,,,
10971,176,,,,,,
9931,1,,,,,,
6679,0,,,,,,
5961,16,,,,,,
6255,21,,,,,,
8614,14,,,,,,
7828,15,,,,,,
1277,34,,,,,,
3595,21,,,,,,
5735,96,,,,,,
5350,96,,,,,,
4137,30,,,,,,
6357,31,,,,,,
9316,10,,,,,,
3578,15,,,,,,
153,12,,,,,,
10524,196,,,,,,
1518,91,,,,,,
2036,15,,,,,,
9495,32,,,,,,
2631,32,,,,,,
6312,86,,,,,,
615,110,,,,,,
4406,42,,,,,,
10061,196,,,,,,
10619,24,,,,,,
4945,108,,,,,,
1777,11,,,,,,
4023,22,,,,,,
7922,63,,,,,,
10699,3,,,,,,
7516,9,,,,,,
3129,9,,,,,,
5121,171,,,,,,
2186,183,,,,,,
10548,44,,,,,,
6384,242,,,,,,
2625,47,,,,,,
1676,5,,,,,,
5534,72,,,,,,
6859,9,,,,,,
271,37,,,,,,
7699,37,,,,,,
7832,58,,,,,,
938,25,,,,,,
7873,5,,,,,,
9967,50,,,,,,
1087,48,,,,,,
8314,111,,,,,,
3762,54,,,,,,
10383,40,,,,,,
6798,39,,,,,,
4168,39,,,,,,
6690,20,,,,,,
10602,36,,,,,,
3220,36,,,,,,
5424,36,,,,,,
7488,15,,,,,,
5289,29,,,,,,
347,34,,,,,,
5236,158,,,,,,
9478,50,,,,,,
477,101,,,,,,
7411,1,,,,,,
3107,42,,,,,,
7437,5,,,,,,
255,2,,,,,,
3790,1,,,,,,
749,27,,,,,,
1503,2,,,,,,
8650,10,,,,,,
607,27,,,,,,
1008,124,,,,,,
9396,5,,,,,,
933,5,,,,,,
5710,3,,,,,,
2882,47,,,,,,
2379,146,,,,,,
5342,9,,,,,,
3262,41,,,,,,
5832,28,,,,,,
5025,9,,,,,,
569,111,,,,,,
3102,7,,,,,,
9449,11,,,,,,
8104,25,,,,,,
75,45,,,,,,
6421,118,,,,,,
3037,11,,,,,,
4698,11,,,,,,
948,13,,,,,,
6177,23,,,,,,
3517,43,,,,,,
3491,232,,,,,,
7610,66,,,,,,
4377,227,,,,,,
9850,3,,,,,,
5544,107,,,,,,
6497,92,,,,,,
4543,203,,,,,,
5117,53,,,,,,
1448,3,,,,,,
6887,16,,,,,,
7500,16,,,,,,
2724,6,,,,,,
2256,1,,,,,,
1100,9,,,,,,
7725,81,,,,,,
2612,48,,,,,,
113,6,,,,,,
2868,2,,,,,,
4216,114,,,,,,
199,12,,,,,,
359,19,,,,,,
8842,7,,,,,,
2154,7,,,,,,
6050,47,,,,,,
9204,141,,,,,,
4472,18,,,,,,
6864,4,,,,,,
10617,4,,,,,,
3924,35,,,,,,
5654,17,,,,,,
9216,4,,,,,,
8086,5,,,,,,
9097,50,,,,,,
7631,142,,,,,,
7275,12,,,,,,
8334,12,,,,,,
1987,15,,,,,,
2281,11,,,,,,
7034,12,,,,,,
2797,50,,,,,,
3934,117,,,,,,
2493,117,,,,,,
3759,200,,,,,,
965,27,,,,,,
7378,27,,,,,,
1859,18,,,,,,
6263,13,,,,,,
2072,34,,,,,,
8908,38,,,,,,
738,25,,,,,,
10129,107,,,,,,
807,34,,,,,,
3334,143,,,,,,
5423,2,,,,,,
4426,95,,,,,,
10489,84,,,,,,
2570,46,,,,,,
3834,53,,,,,,
590,99,,,,,,
4791,2,,,,,,
5304,1,,,,,,
2426,18,,,,,,
35,85,,,,,,
8041,41,,,,,,
3584,39,,,,,,
7718,45,,,,,,
8605,6,,,,,,
1646,8,,,,,,
9206,134,,,,,,
10757,0,,,,,,
6885,1,,,,,,
907,27,,,,,,
1150,224,,,,,,
3867,71,,,,,,
3859,71,,,,,,
3265,5,,,,,,
4418,15,,,,,,
4611,207,,,,,,
4530,138,,,,,,
7736,27,,,,,,
9949,49,,,,,,
942,36,,,,,,
6181,28,,,,,,
7660,20,,,,,,
2055,20,,,,,,
5107,20,,,,,,
1626,20,,,,,,
6428,32,,,,,,
9617,4,,,,,,
4339,35,,,,,,
7235,7,,,,,,
8527,11,,,,,,
1968,7,,,,,,
9862,3,,,,,,
11075,12,,,,,,
6658,154,,,,,,
4552,117,,,,,,
10377,88,,,,,,
5336,8,,,,,,
10350,0,,,,,,
11071,216,,,,,,
11100,2,,,,,,
6516,6,,,,,,
1734,5,,,,,,
2131,25,,,,,,
6439,152,,,,,,
10591,19,,,,,,
9797,51,,,,,,
9336,41,,,,,,
2174,6,,,,,,
3197,59,,,,,,
9185,0,,,,,,
905,26,,,,,,
10858,30,,,,,,
8925,89,,,,,,
2499,26,,,,,,
1109,1,,,,,,
326,12,,,,,,
10967,10,,,,,,
5370,23,,,,,,
2098,1,,,,,,
1773,13,,,,,,
5036,102,,,,,,
4856,63,,,,,,
8722,63,,,,,,
2156,4,,,,,,
2569,5,,,,,,
10151,139,,,,,,
10473,38,,,,,,
7079,92,,,,,,
6875,70,,,,,,
6728,6,,,,,,
2471,43,,,,,,
49,9,,,,,,
4973,9,,,,,,
6387,18,,,,,,
5866,34,,,,,,
8523,5,,,,,,
7901,4,,,,,,
898,29,,,,,,
10242,8,,,,,,
5835,9,,,,,,
6919,15,,,,,,
6197,3,,,,,,
10475,14,,,,,,
4201,91,,,,,,
5092,34,,,,,,
6566,38,,,,,,
6613,14,,,,,,
9094,192,,,,,,
9847,192,,,,,,
10767,26,,,,,,
7943,5,,,,,,
1055,6,,,,,,
1458,8,,,,,,
8402,43,,,,,,
6246,43,,,,,,
4654,24,,,,,,
6103,7,,,,,,
8147,9,,,,,,
10207,1,,,,,,
4838,1,,,,,,
10219,3,,,,,,
2176,80,,,,,,
9121,80,,,,,,
5802,27,,,,,,
10790,7,,,,,,
178,117,,,,,,
2308,29,,,,,,
7431,86,,,,,,
9405,21,,,,,,
10525,9,,,,,,
7503,51,,,,,,
8783,17,,,,,,
1403,3,,,,,,
4643,49,,,,,,
3463,8,,,,,,
4055,20,,,,,,
7010,76,,,,,,
4767,76,,,,,,
1927,39,,,,,,
437,151,,,,,,
4331,13,,,,,,
4084,54,,,,,,
8135,11,,,,,,
9750,73,,,,,,
6682,15,,,,,,
10581,119,,,,,,
3710,17,,,,,,
5207,132,,,,,,
9360,48,,,,,,
4679,50,,,,,,
1340,33,,,,,,
10839,5,,,,,,
5303,12,,,,,,
9829,13,,,,,,
10469,53,,,,,,
3602,14,,,,,,
4756,112,,,,,,
8181,24,,,,,,
6958,8,,,,,,
10856,8,,,,,,
3321,10,,,,,,
5394,7,,,,,,
433,41,,,,,,
6320,14,,,,,,
5376,1,,,,,,
1867,108,,,,,,
4324,191,,,,,,
3661,32,,,,,,
521,97,,,,,,
10403,11,,,,,,
7186,9,,,,,,
4329,1,,,,,,
4394,14,,,,,,
1717,52,,,,,,
1016,5,,,,,,
3783,0,,,,,,
5848,130,,,,,,
10727,30,,,,,,
5299,30,,,,,,
6872,23,,,,,,
1143,11,,,,,,
10381,4,,,,,,
11007,2,,,,,,
9145,94,,,,,,
5267,5,,,,,,
9738,11,,,,,,
10212,11,,,,,,
10010,31,,,,,,
10069,27,,,,,,
2694,0,,,,,,
10613,15,,,,,,
4646,223,,,,,,
6935,223,,,,,,
5596,28,,,,,,
1044,49,,,,,,
9274,63,,,,,,
9076,3,,,,,,
4947,64,,,,,,
10176,137,,,,,,
3507,58,,,,,,
9235,1,,,,,,
10341,41,,,,,,
2639,19,,,,,,
6201,10,,,,,,
7397,100,,,,,,
2181,27,,,,,,
1204,35,,,,,,
1170,15,,,,,,
8812,17,,,,,,
4690,48,,,,,,
1715,5,,,,,,
10821,42,,,,,,
6543,61,,,,,,
7119,38,,,,,,
3518,7,,,,,,
1245,101,,,,,,
2561,101,,,,,,
9624,54,,,,,,
10509,4,,,,,,
7629,6,,,,,,
7875,0,,,,,,
2815,37,,,,,,
2936,1,,,,,,
3665,22,,,,,,
10888,29,,,,,,
6637,124,,,,,,
5077,79,,,,,,
6173,79,,,,,,
3969,64,,,,,,
4580,182,,,,,,
663,6,,,,,,
8299,6,,,,,,
8945,20,,,,,,
10870,247,,,,,,
1184,24,,,,,,
6141,82,,,,,,
8825,58,,,,,,
2217,6,,,,,,
4102,6,,,,,,
4653,39,,,,,,
10092,14,,,,,,
5788,25,,,,,,
4669,17,,,,,,
6295,142,,,,,,
7453,37,,,,,,
10841,31,,,,,,
821,20,,,,,,
3933,48,,,,,,
1225,241,,,,,,
7059,241,,,,,,
5633,15,,,,,,
843,15,,,,,,
6211,11,,,,,,
7007,18,,,,,,
9671,28,,,,,,
8975,28,,,,,,
6616,58,,,,,,
6248,48,,,,,,
7428,108,,,,,,
3075,0,,,,,,
2937,33,,,,,,
203,27,,,,,,
2021,89,,,,,,
880,46,,,,,,
524,46,,,,,,
10837,16,,,,,,
7011,12,,,,,,
4184,40,,,,,,
7679,0,,,,,,
7485,16,,,,,,
7530,16,,,,,,
4369,163,,,,,,
10652,163,,,,,,
286,7,,,,,,
5922,2,,,,,,
7250,17,,,,,,
2478,4,,,,,,
1160,7,,,,,,
9214,58,,,,,,
273,5,,,,,,
851,92,,,,,,
9729,64,,,,,,
9665,57,,,,,,
2620,7,,,,,,
8254,7,,,,,,
3852,54,,,,,,
1000,54,,,,,,
3099,49,,,,,,
6318,89,,,,,,
5396,89,,,,,,
7966,22,,,,,,
454,43,,,,,,
309,21,,,,,,
3571,21,,,,,,
8395,31,,,,,,
2591,35,,,,,,
1640,20,,,,,,
810,64,,,,,,
9423,3,,,,,,
4345,4,,,,,,
89,21,,,,,,
5294,4,,,,,,
1321,12,,,,,,
2686,5,,,,,,
1215,88,,,,,,
9283,0,,,,,,
3120,4,,,,,,
5868,16,,,,,,
8143,10,,,,,,
3479,13,,,,,,
7214,126,,,,,,
5543,78,,,,,,
9347,6,,,,,,
10160,6,,,,,,
1406,27,,,,,,
7019,18,,,,,,
2157,22,,,,,,
8939,59,,,,,,
10250,8,,,,,,
1272,66,,,,,,
3007,1,,,,,,
5513,1,,,,,,
679,1,,,,,,
8876,4,,,,,,
10827,29,,,,,,
7300,39,,,,,,
4268,7,,,,,,
4603,6,,,,,,
8659,20,,,,,,
10708,2,,,,,,
1176,9,,,,,,
10380,18,,,,,,
7037,3,,,,,,
11096,6,,,,,,
6374,39,,,,,,
5552,21,,,,,,
2245,23,,,,,,
6200,100,,,,,,
9904,141,,,,,,
10031,4,,,,,,
6642,28,,,,,,
10882,26,,,,,,
5636,49,,,,,,
8692,15,,,,,,
8091,21,,,,,,
8080,3,,,,,,
8370,34,,,,,,
4550,7,,,,,,
3381,4,,,,,,
10556,6,,,,,,
9467,2,,,,,,
2891,154,,,,,,
5011,154,,,,,,
8140,36,,,,,,
11039,41,,,,,,
78,9,,,,,,
5517,9,,,,,,
5290,23,,,,,,
4128,120,,,,,,
8534,30,,,,,,
9592,8,,,,,,
8957,144,,,,,,
9308,53,,,,,,
544,53,,,,,,
5989,34,,,,,,
635,70,,,,,,
6673,39,,,,,,
1710,27,,,,,,
523,3,,,,,,
8977,11,,,,,,
9736,4,,,,,,
1544,103,,,,,,
6575,75,,,,,,
6147,9,,,,,,
6354,19,,,,,,
4769,9,,,,,,
7540,5,,,,,,
5247,5,,,,,,
5987,12,,,,,,
9960,2,,,,,,
10972,35,,,,,,
1399,203,,,,,,
2698,26,,,,,,
6340,11,,,,,,
4107,38,,,,,,
10906,38,,,,,,
2557,11,,,,,,
8786,58,,,,,,
7187,96,,,,,,
6119,4,,,,,,
2980,4,,,,,,
3850,15,,,,,,
1077,9,,,,,,
9733,36,,,,,,
8462,36,,,,,,
4764,13,,,,,,
2223,149,,,,,,
7788,1,,,,,,
5827,10,,,,,,
2958,6,,,,,,
4954,5,,,,,,
3139,166,,,,,,
9952,10,,,,,,
8180,14,,,,,,
3276,12,,,,,,
4994,33,,,,,,
3598,11,,,,,,
945,13,,,,,,
5048,38,,,,,,
6214,15,,,,,,
6230,7,,,,,,
2968,42,,,,,,
8800,42,,,,,,
1907,69,,,,,,
10478,36,,,,,,
4188,89,,,,,,
8720,22,,,,,,
2225,241,,,,,,
4790,33,,,,,,
1131,7,,,,,,
202,57,,,,,,
9589,57,,,,,,
3900,57,,,,,,
9958,57,,,,,,
8955,10,,,,,,
10033,10,,,,,,
5751,10,,,,,,
3308,30,,,,,,
7297,20,,,,,,
8008,30,,,,,,
1232,130,,,,,,
2345,130,,,,,,
1628,32,,,,,,
5081,10,,,,,,
839,18,,,,,,
3706,26,,,,,,
5154,0,,,,,,
8584,53,,,,,,
6583,107,,,,,,
3433,107,,,,,,
10486,97,,,,,,
8687,125,,,,,,
7842,3,,,,,,
3749,15,,,,,,
1331,3,,,,,,
5995,41,,,,,,
8985,33,,,,,,
2798,58,,,,,,
7108,56,,,,,,
2781,34,,,,,,
3623,4,,,,,,
194,2,,,,,,
10833,19,,,,,,
2315,29,,,,,,
6336,4,,,,,,
10738,3,,,,,,
8286,5,,,,,,
2166,7,,,,,,
10691,20,,,,,,
9739,26,,,,,,
1829,24,,,,,,
6260,190,,,,,,
10448,27,,,,,,
1343,88,,,,,,
4749,88,,,,,,
531,176,,,,,,
6905,54,,,,,,
1045,20,,,,,,
4012,12,,,,,,
5529,8,,,,,,
4001,8,,,,,,
10420,38,,,,,,
7723,80,,,,,,
2963,80,,,,,,
10634,11,,,,,,
5180,4,,,,,,
6866,7,,,,,,
1328,133,,,,,,
1139,112,,,,,,
4961,3,,,,,,
5177,19,,,,,,
2075,10,,,,,,
3428,45,,,,,,
4500,45,,,,,,
7369,0,,,,,,
4381,11,,,,,,
9964,27,,,,,,
1630,27,,,,,,
5012,4,,,,,,
6918,4,,,,,,
7822,54,,,,,,
10156,190,,,,,,
3033,89,,,,,,
4119,89,,,,,,
11110,1,,,,,,
332,20,,,,,,
737,43,,,,,,
10319,60,,,,,,
2683,65,,,,,,
3445,162,,,,,,
10913,9,,,,,,
4427,67,,,,,,
8717,26,,,,,,
2066,23,,,,,,
3340,50,,,,,,
8685,50,,,,,,
4149,26,,,,,,
8726,25,,,,,,
2295,38,,,,,,
3283,185,,,,,,
1915,205,,,,,,
800,2,,,,,,
9166,162,,,,,,
5147,93,,,,,,
13,8,,,,,,
8557,6,,,,,,
8724,6,,,,,,
9381,109,,,,,,
9384,109,,,,,,
3560,191,,,,,,
241,191,,,,,,
7521,191,,,,,,
9799,86,,,,,,
5123,52,,,,,,
448,118,,,,,,
4837,204,,,,,,
9365,12,,,,,,
8932,70,,,,,,
7055,76,,,,,,
3537,4,,,,,,
9081,9,,,,,,
4988,12,,,,,,
1050,9,,,,,,
5610,7,,,,,,
3526,1,,,,,,
5136,30,,,,,,
1411,173,,,,,,
701,73,,,,,,
6203,49,,,,,,
7192,34,,,,,,
5181,5,,,,,,
9220,19,,,,,,
7734,245,,,,,,
10446,23,,,,,,
5524,88,,,,,,
3830,13,,,,,,
5186,7,,,,,,
8514,1,,,,,,
7165,93,,,,,,
10236,13,,,,,,
2392,27,,,,,,
1920,27,,,,,,
3673,106,,,,,,
1453,30,,,,,,
4518,111,,,,,,
8969,28,,,,,,
387,16,,,,,,
1079,10,,,,,,
164,12,,,,,,
3434,108,,,,,,
5721,26,,,,,,
8418,13,,,,,,
5300,24,,,,,,
10424,92,,,,,,
11171,26,,,,,,
1600,26,,,,,,
7851,122,,,,,,
10701,34,,,,,,
891,1,,,,,,
6912,7,,,,,,
5967,8,,,,,,
2109,17,,,,,,
6292,17,,,,,,
8537,53,,,,,,
9576,7,,,,,,
5935,63,,,,,,
10264,13,,,,,,
234,13,,,,,,
3202,36,,,,,,
1103,185,,,,,,
610,43,,,,,,
4480,11,,,,,,
10660,47,,,,,,
9353,38,,,,,,
4120,93,,,,,,
2836,1,,,,,,
9579,16,,,,,,
5841,54,,,,,,
3174,33,,,,,,
5536,33,,,,,,
2061,10,,,,,,
8477,1,,,,,,
640,106,,,,,,
3828,195,,,,,,
4093,125,,,,,,
8624,57,,,,,,
2802,49,,,,,,
368,28,,,,,,
3599,80,,,,,,
3389,161,,,,,,
10710,5,,,,,,
7118,174,,,,,,
4937,5,,,,,,
1127,38,,,,,,
833,2,,,,,,
3565,2,,,,,,
6086,48,,,,,,
1763,33,,,,,,
4697,51,,,,,,
182,52,,,,,,
1165,52,,,,,,
5386,172,,,,,,
6024,172,,,,,,
2678,55,,,,,,
5790,5,,,,,,
236,47,,,,,,
6001,35,,,,,,
6250,0,,,,,,
1168,53,,,,,,
10749,2,,,,,,
2926,40,,,,,,
716,0,,,,,,
6544,0,,,,,,
4298,1,,,,,,
5823,2,,,,,,
8375,43,,,,,,
5723,0,,,,,,
5763,30,,,,,,
8727,54,,,,,,
3056,54,,,,,,
8442,7,,,,,,
3712,2,,,,,,
10722,106,,,,,,
2406,24,,,,,,
7313,73,,,,,,
2656,24,,,,,,
1993,19,,,,,,
4136,40,,,,,,
2928,38,,,,,,
2920,38,,,,,,
6661,11,,,,,,
5462,11,,,,,,
10897,11,,,,,,
10542,4,,,,,,
5756,2,,,,,,
3570,24,,,,,,
1072,6,,,,,,
9606,44,,,,,,
2730,57,,,,,,
2995,0,,,,,,
8210,56,,,,,,
773,98,,,,,,
5272,73,,,,,,
5125,29,,,,,,
4391,131,,,,,,
6283,131,,,,,,
3421,131,,,,,,
5731,10,,,,,,
7152,10,,,,,,
3919,0,,,,,,
6097,126,,,,,,
5150,15,,,,,,
10479,147,,,,,,
5966,2,,,,,,
3439,75,,,,,,
6609,15,,,,,,
5393,6,,,,,,
9014,3,,,,,,
4050,8,,,,,,
6862,1,,,,,,
8315,4,,,,,,
5184,4,,,,,,
3643,26,,,,,,
2589,2,,,,,,
4887,8,,,,,,
10104,2,,,,,,
3254,53,,,,,,
2004,54,,,,,,
6142,8,,,,,,
8553,3,,,,,,
9805,48,,,,,,
849,48,,,,,,
1606,3,,,,,,
125,13,,,,,,
9305,121,,,,,,
4706,5,,,,,,
4437,38,,,,,,
3081,3,,,,,,
3536,20,,,,,,
8686,14,,,,,,
9707,34,,,,,,
10872,34,,,,,,
9058,224,,,,,,
4640,114,,,,,,
2525,14,,,,,,
9503,44,,,,,,
10704,142,,,,,,
2669,81,,,,,,
10037,81,,,,,,
5680,3,,,,,,
3726,0,,,,,,
4548,15,,,,,,
4599,21,,,,,,
879,21,,,,,,
7409,10,,,,,,
1964,53,,,,,,
0,54,,,,,,
4860,3,,,,,,
425,64,,,,,,
9500,84,,,,,,
3074,33,,,,,,
5140,153,,,,,,
2611,18,,,,,,
916,2,,,,,,
10413,224,,,,,,
3696,10,,,,,,
304,26,,,,,,
5113,35,,,,,,
2863,20,,,,,,
4597,129,,,,,,
675,73,,,,,,
4483,182,,,,,,
1502,6,,,,,,
736,6,,,,,,
4487,26,,,,,,
3412,70,,,,,,
1744,20,,,,,,
5837,65,,,,,,
3422,76,,,,,,
7462,68,,,,,,
10702,12,,,,,,
2115,2,,,,,,
4138,66,,,,,,
11091,2,,,,,,
7712,29,,,,,,
3535,117,,,,,,
5899,13,,,,,,
8749,20,,,,,,
10955,46,,,,,,
9491,25,,,,,,
5286,36,,,,,,
3409,47,,,,,,
2544,1,,,,,,
2118,59,,,,,,
9370,81,,,,,,
4864,24,,,,,,
405,91,,,,,,
10513,70,,,,,,
5138,4,,,,,,
8387,11,,,,,,
378,125,,,,,,
5846,1,,,,,,
8870,187,,,,,,
10340,187,,,,,,
7290,26,,,,,,
8895,26,,,,,,
3635,42,,,,,,
11178,4,,,,,,
2410,50,,,,,,
3281,71,,,,,,
9905,67,,,,,,
2437,61,,,,,,
2565,63,,,,,,
7912,33,,,,,,
7072,170,,,,,,
1409,99,,,,,,
5314,99,,,,,,
7215,168,,,,,,
8858,5,,,,,,
895,49,,,,,,
10313,38,,,,,,
642,47,,,,,,
8504,145,,,,,,
1020,145,,,,,,
3717,218,,,,,,
7646,70,,,,,,
5796,29,,,,,,
8625,1,,,,,,
5407,195,,,,,,
4356,168,,,,,,
2886,12,,,,,,
10057,153,,,,,,
10741,15,,,,,,
5491,15,,,,,,
4442,52,,,,,,
3972,64,,,,,,
2431,14,,,,,,
7899,16,,,,,,
9703,69,,,,,,
6927,10,,,,,,
7005,85,,,,,,
246,6,,,,,,
4796,0,,,,,,
4725,9,,,,,,
3286,8,,,,,,
10680,6,,,,,,
4297,0,,,,,,
7327,7,,,,,,
1553,126,,,,,,
1665,215,,,,,,
10640,29,,,,,,
7620,45,,,,,,
7761,40,,,,,,
5062,0,,,,,,
6349,85,,,,,,
3386,20,,,,,,
8175,20,,,,,,
6245,14,,,,,,
8780,14,,,,,,
2276,33,,,,,,
1172,22,,,,,,
3225,46,,,,,,
8629,8,,,,,,
798,5,,,,,,
269,122,,,,,,
8213,35,,,,,,
10245,41,,,,,,
2447,12,,,,,,
9817,20,,,,,,
1371,174,,,,,,
8093,17,,,,,,
713,35,,,,,,
11051,12,,,,,,
5545,80,,,,,,
5283,25,,,,,,
5010,9,,,,,,
7495,4,,,,,,
4368,10,,,,,,
6303,30,,,,,,
1030,3,,,,,,
10364,5,,,,,,
6945,163,,,,,,
8562,11,,,,,,
2918,19,,,,,,
9167,62,,,,,,
4743,88,,,,,,
10742,20,,,,,,
10965,40,,,,,,
7129,35,,,,,,
3732,69,,,,,,
7124,27,,,,,,
10686,2,,,,,,
7247,75,,,,,,
1513,128,,,,,,
460,17,,,,,,
6653,23,,,,,,
9400,54,,,,,,
7106,12,,,,,,
4252,41,,,,,,
9240,34,,,,,,
10770,47,,,,,,
176,67,,,,,,
6870,20,,,,,,
143,99,,,,,,
6445,40,,,,,,
4278,55,,,,,,
6906,72,,,,,,
4637,16,,,,,,
8690,126,,,,,,
1173,147,,,,,,
1928,20,,,,,,
9029,29,,,,,,
10299,41,,,,,,
9246,62,,,,,,
4943,66,,,,,,
4122,44,,,,,,
2853,51,,,,,,
902,12,,,,,,
1672,66,,,,,,
7254,14,,,,,,
8775,14,,,,,,
9543,6,,,,,,
7093,6,,,,,,
2894,39,,,,,,
5956,30,,,,,,
1921,9,,,,,,
5057,11,,,,,,
10260,14,,,,,,
2262,14,,,,,,
7930,40,,,,,,
1461,4,,,,,,
7514,28,,,,,,
6461,108,,,,,,
257,12,,,,,,
9460,42,,,,,,
3855,42,,,,,,
367,120,,,,,,
9265,77,,,,,,
1990,37,,,,,,
3594,97,,,,,,
9292,88,,,,,,
6218,9,,,,,,
6528,1,,,,,,
10164,16,,,,,,
9937,91,,,,,,
274,2,,,,,,
5250,126,,,,,,
11010,0,,,,,,
6969,4,,,,,,
10735,1,,,,,,
5068,1,,,,,,
9974,20,,,,,,
7053,28,,,,,,
3179,38,,,,,,
8082,15,,,,,,
1362,74,,,,,,
6768,2,,,,,,
2375,6,,,,,,
6856,19,,,,,,
4066,20,,,,,,
4333,3,,,,,,
2948,5,,,,,,
4927,13,,,,,,
7426,18,,,,,,
8360,18,,,,,,
4058,45,,,,,,
10755,36,,,,,,
8414,18,,,,,,
6810,98,,,,,,
3839,40,,,,,,
3483,29,,,,,,
238,95,,,,,,
591,65,,,,,,
5063,3,,,,,,
4303,12,,,,,,
2258,2,,,,,,
7301,32,,,,,,
11121,7,,,,,,
5287,1,,,,,,
6457,65,,,,,,
3559,9,,,,,,
5577,3,,,,,,
641,48,,,,,,
954,31,,,,,,
1834,4,,,,,,
8789,12,,,,,,
10584,29,,,,,,
2337,2,,,,,,
6071,84,,,,,,
295,84,,,,,,
10203,11,,,,,,
3968,129,,,,,,
4037,5,,,,,,
6932,21,,,,,,
10159,174,,,,,,
1177,14,,,,,,
9426,130,,,,,,
10637,10,,,,,,
10826,19,,,,,,
4086,19,,,,,,
10304,19,,,,,,
7998,21,,,,,,
10992,30,,,,,,
6383,2,,,,,,
10536,2,,,,,,
6036,55,,,,,,
11092,3,,,,,,
538,33,,,,,,
10022,0,,,,,,
10157,5,,,,,,
3503,15,,,,,,
146,0,,,,,,
5538,27,,,,,,
3910,27,,,,,,
4227,8,,,,,,
6634,11,,,,,,
8916,1,,,,,,
6460,16,,,,,,
5883,60,,,,,,
10091,40,,,,,,
697,59,,,,,,
2607,41,,,,,,
8427,43,,,,,,
217,43,,,,,,
6202,159,,,,,,
3856,159,,,,,,
10648,32,,,,,,
5120,32,,,,,,
6749,95,,,,,,
1584,89,,,,,,
9559,30,,,,,,
771,7,,,,,,
5237,10,,,,,,
2461,4,,,,,,
5474,43,,,,,,
2895,14,,,,,,
7972,54,,,,,,
10067,5,,,,,,
500,21,,,,,,
922,16,,,,,,
2861,4,,,,,,
375,16,,,,,,
10936,249,,,,,,
10314,111,,,,,,
4240,12,,,,,,
2674,82,,,,,,
2563,10,,,,,,
8312,10,,,,,,
6999,8,,,,,,
7574,11,,,,,,
5223,3,,,,,,
2952,9,,,,,,
7683,78,,,,,,
9481,16,,,,,,
9907,57,,,,,,
5454,3,,,,,,
3798,24,,,,,,
7281,39,,,,,,
4259,0,,,,,,
2549,1,,,,,,
6437,9,,,,,,
2488,7,,,,,,
3945,36,,,,,,
702,61,,,,,,
9010,210,,,,,,
9710,15,,,,,,
1509,81,,,,,,
9120,42,,,,,,
5252,13,,,,,,
5959,18,,,,,,
7441,31,,,,,,
4271,66,,,,,,
4095,116,,,,,,
8852,180,,,,,,
7698,7,,,,,,
4174,11,,,,,,
3182,79,,,,,,
193,8,,,,,,
5229,3,,,,,,
5555,1,,,,,,
7732,52,,,,,,
310,16,,,,,,
6261,22,,,,,,
6274,16,,,,,,
1655,11,,,,,,
2740,6,,,,,,
4328,11,,,,,,
17,76,,,,,,
9153,10,,,,,,
520,9,,,,,,
8372,9,,,,,,
73,1,,,,,,
2002,86,,,,,,
6059,108,,,,,,
11166,20,,,,,,
6257,24,,,,,,
9224,242,,,,,,
8732,42,,,,,,
955,19,,,,,,
4910,115,,,,,,
564,8,,,,,,
8931,33,,,,,,
1998,8,,,,,,
1250,8,,,,,,
8397,11,,,,,,
9672,22,,,,,,
2125,30,,,,,,
5975,3,,,,,,
983,145,,,,,,
9938,51,,,,,,
4385,7,,,,,,
1612,7,,,,,,
803,4,,,,,,
10675,23,,,,,,
7004,23,,,,,,
4432,9,,,,,,
5079,9,,,,,,
4475,178,,,,,,
10868,114,,,,,,
6742,2,,,,,,
5692,7,,,,,,
339,4,,,,,,
10398,12,,,,,,
8017,3,,,,,,
3722,8,,,,,,
7326,0,,,,,,
2416,0,,,,,,
1878,10,,,,,,
5278,40,,,,,,
5734,1,,,,,,
4370,28,,,,,,
8405,46,,,,,,
7617,19,,,,,,
10339,24,,,,,,
6376,100,,,,,,
2150,56,,,,,,
7386,2,,,,,,
3006,2,,,,,,
11088,17,,,,,,
5185,41,,,,,,
3523,125,,,,,,
55,5,,,,,,
3807,56,,,,,,
2453,99,,,,,,
7787,99,,,,,,
2230,0,,,,,,
8146,14,,,,,,
988,22,,,,,,
4832,46,,,,,,
3152,20,,,,,,
11188,20,,,,,,
361,4,,,,,,
5939,33,,,,,,
9349,42,,,,,,
819,134,,,,,,
10120,41,,,,,,
4541,41,,,,,,
2456,2,,,,,,
2516,34,,,,,,
11013,54,,,,,,
9988,8,,,,,,
1627,41,,,,,,
1490,77,,,,,,
6710,13,,,,,,
7375,182,,,,,,
10144,182,,,,,,
3138,27,,,,,,
1440,232,,,,,,
4200,7,,,,,,
4998,200,,,,,,
7321,200,,,,,,
8663,1,,,,,,
1958,13,,,,,,
6963,11,,,,,,
1065,18,,,,,,
2712,33,,,,,,
6049,37,,,,,,
6605,26,,,,,,
11181,1,,,,,,
5234,30,,,,,,
5253,4,,,,,,
11148,2,,,,,,
6289,36,,,,,,
9743,107,,,,,,
9209,15,,,,,,
6417,15,,,,,,
7937,7,,,,,,
6488,16,,,,,,
3194,0,,,,,,
231,1,,,,,,
9697,5,,,,,,
4676,107,,,,,,
8079,18,,,,,,
10032,17,,,,,,
10505,28,,,,,,
2005,15,,,,,,
6940,76,,,,,,
2304,7,,,,,,
3170,85,,,,,,
10466,10,,,,,,
7325,3,,,,,,
455,24,,,,,,
7592,24,,,,,,
4547,5,,,,,,
6825,0,,,,,,
2961,27,,,,,,
8700,15,,,,,,
2278,39,,,,,,
10703,36,,,,,,
9,36,,,,,,
2804,36,,,,,,
4915,229,,,,,,
3010,153,,,,,,
4279,18,,,,,,
2564,15,,,,,,
1137,37,,,,,,
5084,151,,,,,,
7094,151,,,,,,
6327,54,,,,,,
6131,23,,,,,,
5798,18,,,,,,
10379,83,,,,,,
606,4,,,,,,
7801,131,,,,,,
2445,0,,,,,,
5346,23,,,,,,
550,26,,,,,,
4478,53,,,,,,
2350,133,,,,,,
1118,29,,,,,,
1491,172,,,,,,
4507,56,,,,,,
7023,12,,,,,,
6977,37,,,,,,
4042,31,,,,,,
7274,61,,,,,,
2902,6,,,,,,
3332,17,,,,,,
7433,17,,,,,,
9386,15,,,,,,
5176,14,,,,,,
10323,46,,,,,,
4682,6,,,,,,
3083,24,,,,,,
8015,12,,,,,,
1745,12,,,,,,
3136,12,,,,,,
6991,30,,,,,,
8132,19,,,,,,
503,7,,,,,,
8148,135,,,,,,
2736,54,,,,,,
8162,2,,,,,,
692,5,,,,,,
7706,57,,,,,,
9298,0,,,,,,
2986,4,,,,,,
10812,0,,,,,,
2909,36,,,,,,
6974,84,,,,,,
9140,1,,,,,,
4554,90,,,,,,
7791,5,,,,,,
5455,5,,,,,,
7960,100,,,,,,
3426,46,,,,,,
5316,18,,,,,,
1404,42,,,,,,
10598,3,,,,,,
8212,21,,,,,,
3233,32,,,,,,
7892,13,,,,,,
2975,84,,,,,,
5043,144,,,,,,
3104,19,,,,,,
10854,2,,,,,,
7419,3,,,,,,
5558,79,,,,,,
832,35,,,,,,
4964,0,,,,,,
11030,4,,,,,,
4587,10,,,,,,
450,80,,,,,,
11031,1,,,,,,
4990,155,,,,,,
221,59,,,,,,
4351,25,,,,,,
1357,73,,,,,,
5667,153,,,,,,
8867,172,,,,,,
2747,172,,,,,,
7422,6,,,,,,
4148,42,,,,,,
9516,119,,,,,,
1291,45,,,,,,
1833,12,,,,,,
7270,24,,,,,,
8182,5,,,,,,
10394,241,,,,,,
1142,35,,,,,,
451,4,,,,,,
7128,5,,,,,,
10678,17,,,,,,
7755,19,,,,,,
4754,29,,,,,,
20,61,,,,,,
2246,61,,,,,,
10307,34,,,,,,
2147,126,,,,,,
10590,14,,,,,,
6565,176,,,,,,
6619,4,,,,,,
4817,2,,,,,,
4508,227,,,,,,
4843,227,,,,,,
9197,8,,,,,,
6237,291,,,,,,
6515,14,,,,,,
5954,10,,,,,,
7938,4,,,,,,
961,71,,,,,,
1764,10,,,,,,
1916,43,,,,,,
6941,32,,,,,,
5562,90,,,,,,
1517,12,,,,,,
7286,13,,,,,,
4687,92,,,,,,
5631,149,,,,,,
1951,30,,,,,,
123,107,,,,,,
9451,107,,,,,,
7396,26,,,,,,
3298,199,,,,,,
6730,5,,,,,,
9916,5,,,,,,
2227,25,,,,,,
946,25,,,,,,
3745,45,,,,,,
4094,35,,,,,,
8588,35,,,,,,
3916,58,,,,,,
9135,24,,,,,,
1755,18,,,,,,
2875,17,,,,,,
2008,108,,,,,,
10925,175,,,,,,
1604,4,,,,,,
5389,6,,,,,,
2878,69,,,,,,
4440,10,,,,,,
1324,22,,,,,,
6262,154,,,,,,
3628,26,,,,,,
3641,6,,,,,,
322,0,,,,,,
175,93,,,,,,
6988,93,,,,,,
8204,17,,,,,,
7476,12,,,,,,
5221,47,,,,,,
8970,92,,,,,,
9286,18,,,,,,
5831,133,,,,,,
1010,16,,,,,,
11074,241,,,,,,
5896,11,,,,,,
3515,10,,,,,,
5324,15,,,,,,
6534,4,,,,,,
8373,9,,,,,,
3829,9,,,,,,
4501,165,,,,,,
4179,22,,,,,,
2292,5,,,,,,
9239,6,,,,,,
8953,3,,,,,,
10258,3,,,,,,
3520,56,,,,,,
10402,1,,,,,,
11114,32,,,,,,
9553,5,,,,,,
6055,72,,,,,,
4786,61,,,,,,
5015,41,,,,,,
8560,145,,,,,,
3469,8,,,,,,
5885,32,,,,,,
3310,32,,,,,,
2134,83,,,,,,
2532,175,,,,,,
2579,8,,,,,,
3117,147,,,,,,
5623,19,,,,,,
4789,33,,,,,,
9523,0,,,,,,
5268,3,,,,,,
1545,54,,,,,,
2254,93,,,,,,
2661,10,,,,,,
3130,10,,,,,,
5847,149,,,,,,
5863,123,,,,,,
999,22,,,,,,
2931,210,,,,,,
1890,7,,,,,,
5589,30,,,,,,
10172,38,,,,,,
6729,38,,,,,,
10492,1,,,,,,
2939,31,,,,,,
5948,17,,,,,,
574,35,,,,,,
3266,35,,,,,,
10500,28,,,,,,
7987,13,,,,,,
1135,6,,,,,,
24,6,,,,,,
7244,7,,,,,,
1966,0,,,,,,
7789,0,,,,,,
3336,191,,,,,,
5644,20,,,,,,
1295,124,,,,,,
6663,6,,,,,,
10262,18,,,,,,
456,9,,,,,,
3270,7,,,,,,
5748,139,,,,,,
8952,70,,,,,,
3921,14,,,,,,
9826,40,,,,,,
5830,40,,,,,,
8310,37,,,,,,
6382,15,,,,,,
8439,17,,,,,,
7613,29,,,,,,
48,32,,,,,,
5046,61,,,,,,
3231,7,,,,,,
7181,2,,,,,,
1663,10,,,,,,
5441,50,,,,,,
8602,57,,,,,,
9925,31,,,,,,
9499,15,,,,,,
6568,12,,,,,,
3032,44,,,,,,
5153,27,,,,,,
4127,27,,,,,,
9940,38,,,,,,
7527,8,,,,,,
3406,12,,,,,,
9771,5,,,,,,
6722,35,,,,,,
213,2,,,,,,
8541,6,,,,,,
8475,1,,,,,,
8070,7,,,,,,
313,20,,,,,,
9757,76,,,,,,
2088,76,,,,,,
2320,29,,,,,,
966,26,,,,,,
9706,7,,,,,,
3979,51,,,,,,
5602,102,,,,,,
2202,7,,,,,,
9645,30,,,,,,
7230,4,,,,,,
5675,4,,,,,,
4974,102,,,,,,
5687,187,,,,,,
5871,115,,,,,,
3846,15,,,,,,
10001,34,,,,,,
2831,183,,,,,,
868,4,,,,,,
7212,4,,,,,,
1743,43,,,,,,
2415,61,,,,,,
7947,4,,,,,,
2106,12,,,,,,
3363,12,,,,,,
8595,4,,,,,,
7232,4,,,,,,
7829,25,,,,,,
9977,34,,,,,,
10142,78,,,,,,
5263,16,,,,,,
22,14,,,,,,
528,63,,,,,,
4070,144,,,,,,
